Date,Confirmed,Deaths,Recovered,New Cases,New Deaths,New Recovered,Hospitalized,ICU,Free Beds,Free ICU Beds
01.01.2021,306529,5012,251606,6529,12,1606,26338,1219,13662,1281
02.01.2021,312431,5021,253186,5902,9,1580,24783,1197,15217,1303
03.01.2021,319150,5046,253865,6719,25,679,23357,1171,16643,1329
04.01.2021,327467,5056,255970,8317,10,2105,22177,1186,17823,1314
05.01.2021,334665,5058,257711,7198,2,1741,20951,1166,19049,1334
06.01.2021,341008,5089,259315,6343,31,1604,19814,1156,20186,1344
07.01.2021,348695,5112,260174,7687,23,859,18842,1157,21158,1343
08.01.2021,356660,5120,260858,7965,8,684,17954,1168,22046,1332
09.01.2021,364418,5128,262241,7758,8,1383,17106,1176,22894,1324
10.01.2021,371207,5161,263666,6789,33,1425,16205,1147,23795,1353
11.01.2021,379620,5195,264900,8413,34,1234,15494,1161,24506,1339
12.01.2021,386313,5205,266576,6693,10,1676,14713,1137,25287,1363
13.01.2021,394759,5246,267283,8446,41,707,14121,1154,25879,1346
14.01.2021,401645,5268,268235,6886,22,952,13503,1141,26497,1359
15.01.2021,409873,5301,270304,8228,33,2069,12987,1141,27013,1359
16.01.2021,415727,5343,272292,5854,42,1988,12351,1117,27649,1383
17.01.2021,422773,5352,272886,7046,9,594,11822,1105,28178,1395
18.01.2021,430908,5372,274075,8135,20,1189,11409,1104,28591,1396
19.01.2021,438146,5378,274619,7238,6,544,11017,1113,28983,1387
20.01.2021,444571,5419,275664,6425,41,1045,10568,1090,29432,1410
21.01.2021,451761,5469,277423,7190,50,1759,10163,1084,29837,1416
22.01.2021,458622,5478,278275,6861,9,852,9834,1087,30166,1413
23.01.2021,465619,5494,279648,6997,16,1373,9450,1063,30550,1437
24.01.2021,474116,5500,280373,8497,6,725,9181,1075,30819,1425
25.01.2021,482336,5525,280792,8220,25,419,8978,1078,31022,1422
26.01.2021,489830,5549,281361,7494,24,569,8699,1082,31301,1418
27.01.2021,497654,5565,283181,7824,16,1820,8467,1077,31533,1423
28.01.2021,505644,5582,284871,7990,17,1690,8237,1065,31763,1435
29.01.2021,513515,5627,285321,7871,45,450,8096,1086,31904,1414
30.01.2021,520026,5631,286921,6511,4,1600,7877,1077,32123,1423
31.01.2021,525975,5667,288454,5949,36,1533,7589,1053,32411,1447
01.02.2021,532460,5685,289921,6485,18,1467,7430,1050,32570,1450
02.02.2021,539590,5729,291162,7130,44,1241,7276,1041,32724,1459
03.02.2021,545493,5769,292546,5903,40,1384,7026,1019,32974,1481
04.02.2021,551555,5777,293042,6062,8,496,6828,1009,33172,1491
05.02.2021,557263,5784,293647,5708,7,605,6668,1008,33332,1492
06.02.2021,564073,5830,294962,6810,46,1315,6541,1013,33459,1487
07.02.2021,572178,5831,295731,8105,1,769,6452,1012,33548,1488
08.02.2021,579058,5867,297283,6880,36,1552,6392,1023,33608,1477
09.02.2021,586270,5891,297866,7212,24,583,6309,1034,33691,1466
10.02.2021,594202,5918,299901,7932,27,2035,6302,1039,33698,1461
11.02.2021,600872,5945,301049,6670,27,1148,6195,1036,33805,1464
12.02.2021,608440,5983,301771,7568,38,722,6095,1034,33905,1466
13.02.2021,614378,6028,303146,5938,45,1375,5951,1023,34049,1477
14.02.2021,622444,6039,304579,8066,11,1433,5916,1020,34084,1480
15.02.2021,630390,6052,305064,7946,13,485,5880,1020,34120,1480
16.02.2021,637102,6062,306373,6712,10,1309,5810,1014,34190,1486
17.02.2021,644656,6071,307891,7554,9,1518,5780,1028,34220,1472
18.02.2021,651472,6091,309603,6816,20,1712,5737,1027,34263,1473
19.02.2021,659098,6122,311025,7626,31,1422,5766,1036,34234,1464
20.02.2021,665966,6129,311892,6868,7,867,5749,1048,34251,1452
21.02.2021,671947,6138,312475,5981,9,583,5683,1042,34317,1458
22.02.2021,677755,6142,314307,5808,4,1832,5610,1043,34390,1457
23.02.2021,684468,6170,315444,6713,28,1137,5552,1037,34448,1463
24.02.2021,692627,6187,316146,8159,17,702,5568,1036,34432,1464
25.02.2021,698885,6205,317112,6258,18,966,5465,1019,34535,1481
26.02.2021,706422,6247,317997,7537,42,885,5503,1030,34497,1470
27.02.2021,712326,6257,318546,5904,10,549,5428,1024,34572,1476
28.02.2021,720870,6299,319862,8544,42,1316,5508,1039,34492,1461
01.03.2021,726965,6300,320417,6095,1,555,5399,1032,34601,1468
02.03.2021,732710,6343,322534,5745,43,2117,5332,1012,34668,1488
03.03.2021,740561,6374,323659,7851,31,1125,5310,1013,34690,1487
04.03.2021,747656,6386,324727,7095,12,1068,5289,1021,34711,1479
05.03.2021,756181,6435,325402,8525,49,675,5336,1040,34664,1460
06.03.2021,763566,6446,326532,7385,11,1130,5336,1040,34664,1460
07.03.2021,771144,6458,328164,7578,12,1632,5369,1042,34631,1458
08.03.2021,777444,6475,329001,6300,17,837,5273,1021,34727,1479
09.03.2021,785743,6514,330347,8299,39,1346,5357,1046,34643,1454
10.03.2021,792151,6524,330883,6408,10,536,5326,1038,34674,1462
11.03.2021,799194,6567,332724,7043,43,1841,5334,1037,34666,1463
12.03.2021,806542,6602,334350,7348,35,1626,5338,1042,34662,1458
13.03.2021,813414,6651,335414,6872,49,1064,5259,1021,34741,1479
14.03.2021,820793,6682,336694,7379,31,1280,5252,1017,34748,1483
15.03.2021,828908,6689,337942,8115,7,1248,5315,1025,34685,1475
16.03.2021,837028,6705,338707,8120,16,765,5324,1028,34676,1472
17.03.2021,844779,6740,339361,7751,35,654,5327,1023,34673,1477
18.03.2021,852878,6771,340401,8099,31,1040,5337,1034,34663,1466
19.03.2021,860881,6793,342559,8003,22,2158,5351,1039,34649,1461
20.03.2021,866940,6795,343206,6059,2,647,5235,1025,34765,1475
21.03.2021,873355,6828,345351,6415,33,2145,5177,1024,34823,1476
22.03.2021,881449,6863,346961,8094,35,1610,5186,1032,34814,1468
23.03.2021,888627,6876,347476,7178,13,515,5189,1026,34811,1474
24.03.2021,894391,6926,348135,5764,50,659,5156,1026,34844,1474
25.03.2021,900812,6976,349221,6421,50,1086,5115,1020,34885,1480
26.03.2021,907647,7021,349839,6835,45,618,5081,1007,34919,1493
27.03.2021,915967,7033,351733,8320,12,1894,5150,1029,34850,1471
28.03.2021,922291,7036,353805,6324,3,2072,5131,1032,34869,1468
29.03.2021,929244,7060,355231,6953,24,1426,5144,1037,34856,1463
30.03.2021,935070,7093,356916,5826,33,1685,5125,1030,34875,1470
31.03.2021,941299,7114,357633,6229,21,717,5059,1017,34941,1483
01.04.2021,948233,7151,359318,6934,37,1685,5045,1004,34955,1496
02.04.2021,955272,7187,360065,7039,36,747,5042,1014,34958,1486
03.04.2021,963819,7221,361498,8547,34,1433,5094,1016,34906,1484
04.04.2021,971315,7260,362025,7496,39,527,5113,1027,34887,1473
05.04.2021,979197,7266,363757,7882,6,1732,5183,1039,34817,1461
06.04.2021,987316,7295,365875,8119,29,2118,5205,1052,34795,1448
07.04.2021,995474,7344,367826,8158,49,1951,5289,1062,34711,1438
08.04.2021,1003379,7381,368982,7905,37,1156,5322,1074,34678,1426
09.04.2021,1011444,7418,370128,8065,37,1146,5373,1081,34627,1419
10.04.2021,1019507,7445,371706,8063,27,1578,5412,1082,34588,1418
11.04.2021,1025747,7473,373362,6240,28,1656,5309,1053,34691,1447
12.04.2021,1033446,7492,375392,7699,19,2030,5283,1039,34717,1461
13.04.2021,1041188,7536,377324,7742,44,1932,5265,1034,34735,1466
14.04.2021,1048535,7584,378186,7347,48,862,5273,1046,34727,1454
15.04.2021,1055686,7605,379567,7151,21,1381,5268,1039,34732,1461
16.04.2021,1062986,7636,380578,7300,31,1011,5305,1040,34695,1460
17.04.2021,1068770,7656,381791,5784,20,1213,5242,1025,34758,1475
18.04.2021,1074683,7659,383027,5913,3,1236,5216,1031,34784,1469
19.04.2021,1080630,7703,384540,5947,44,1513,5182,1035,34818,1465
20.04.2021,1086331,7721,385585,5701,18,1045,5112,1030,34888,1470
21.04.2021,1094461,7725,386092,8130,4,507,5206,1051,34794,1449
22.04.2021,1102206,7744,387657,7745,19,1565,5198,1048,34802,1452
23.04.2021,1110708,7748,389127,8502,4,1470,5215,1056,34785,1444
24.04.2021,1116422,7781,389994,5714,33,867,5097,1025,34903,1475
25.04.2021,1123989,7795,392074,7567,14,2080,5139,1029,34861,1471
26.04.2021,1129820,7818,394108,5831,23,2034,5050,1020,34950,1480
27.04.2021,1135845,7862,394747,6025,44,639,4965,992,35035,1508
28.04.2021,1142024,7882,396519,6179,20,1772,4888,972,35112,1528
29.04.2021,1148998,7903,397111,6974,21,592,4864,975,35136,1525
30.04.2021,1155315,7921,398205,6317,18,1094,4829,970,35171,1530
01.05.2021,1161585,7956,399961,6270,35,1756,4834,980,35166,1520
02.05.2021,1167447,7975,401183,5862,19,1222,4778,970,35222,1530
03.05.2021,1175653,8004,402040,8206,29,857,4872,992,35128,1508
04.05.2021,1182664,8035,403904,7011,31,1864,4851,992,35149,1508
05.05.2021,1191168,8045,404591,8504,10,687,4921,1010,35079,1490
06.05.2021,1198595,8060,405665,7427,15,1074,4947,1006,35053,1494
07.05.2021,1204496,8076,407831,5901,16,2166,4852,988,35148,1512
08.05.2021,1211546,8101,408599,7050,25,768,4832,977,35168,1523
09.05.2021,1217848,8123,410470,6302,22,1871,4792,978,35208,1522
10.05.2021,1225731,8167,412233,7883,44,1763,4817,980,35183,1520
11.05.2021,1233798,8215,413917,8067,48,1684,4865,991,35135,1509
12.05.2021,1239949,8252,414702,6151,37,785,4876,988,35124,1512
13.05.2021,1248452,8265,415501,8503,13,799,4947,1010,35053,1490
14.05.2021,1256576,8293,416883,8124,28,1382,4998,1021,35002,1479
15.05.2021,1263262,8338,418483,6686,45,1600,5007,1027,34993,1473
16.05.2021,1269335,8343,419221,6073,5,738,4911,998,35089,1502
17.05.2021,1277844,8368,420881,8509,25,1660,5015,1027,34985,1473
18.05.2021,1286306,8388,422339,8462,20,1458,5123,1053,34877,1447
19.05.2021,1292437,8391,423256,6131,3,917,5073,1040,34927,1460
20.05.2021,1299145,8431,424451,6708,40,1195,5101,1038,34899,1462
21.05.2021,1306633,8443,426546,7488,12,2095,5119,1035,34881,1465
22.05.2021,1312502,8470,427036,5869,27,490,5010,1002,34990,1498
23.05.2021,1320170,8477,428964,7668,7,1928,5078,1009,34922,1491
24.05.2021,1327742,8511,429622,7572,34,658,5104,1011,34896,1489
25.05.2021,1336031,8512,430607,8289,1,985,5187,1019,34813,1481
26.05.2021,1341765,8526,432032,5734,14,1425,5073,994,34927,1506
27.05.2021,1349317,8544,433067,7552,18,1035,5125,1010,34875,1490
28.05.2021,1356128,8583,433644,6811,39,577,5080,1001,34920,1499
29.05.2021,1361963,8633,434048,5835,50,404,4984,979,35016,1521
30.05.2021,1369526,8655,435511,7563,22,1463,5064,998,34936,1502
31.05.2021,1376896,8692,436120,7370,37,609,5062,1001,34938,1499
01.06.2021,1383659,8733,436613,6763,41,493,5012,991,34988,1509
02.06.2021,1391239,8778,437438,7580,45,825,5029,996,34971,1504
03.06.2021,1399594,8799,438436,8355,21,998,5103,1012,34897,1488
04.06.2021,1407612,8801,439356,8018,2,920,5166,1024,34834,1476
05.06.2021,1414322,8843,441009,6710,42,1653,5143,1022,34857,1478
06.06.2021,1420279,8867,441699,5957,24,690,5078,1005,34922,1495
07.06.2021,1427594,8888,442167,7315,21,468,5048,1004,34952,1496
08.06.2021,1434426,8905,442808,6832,17,641,5006,987,34994,1513
09.06.2021,1441343,8929,443409,6917,24,601,5015,997,34985,1503
10.06.2021,1449673,8979,444974,8330,50,1565,5079,1019,34921,1481
11.06.2021,1458176,9017,446656,8503,38,1682,5114,1027,34886,1473
12.06.2021,1464730,9046,447907,6554,29,1251,5100,1024,34900,1476
13.06.2021,1471888,9070,449122,7158,24,1215,5079,1026,34921,1474
14.06.2021,1477710,9106,450288,5822,36,1166,5035,1014,34965,1486
15.06.2021,1484636,9132,450806,6926,26,518,5040,1024,34960,1476
16.06.2021,1490822,9166,452864,6186,34,2058,4968,1009,35032,1491
17.06.2021,1498454,9168,453272,7632,2,408,5045,1014,34955,1486
18.06.2021,1504705,9216,454311,6251,48,1039,4979,998,35021,1502
19.06.2021,1512549,9238,455370,7844,22,1059,5027,1006,34973,1494
20.06.2021,1518397,9272,455874,5848,34,504,4976,988,35024,1512
21.06.2021,1524932,9321,456502,6535,49,628,4994,985,35006,1515
22.06.2021,1533383,9369,457207,8451,48,705,5050,1004,34950,1496
23.06.2021,1540353,9384,458246,6970,15,1039,5044,1004,34956,1496
24.06.2021,1546816,9431,459612,6463,47,1366,4993,1001,35007,1499
25.06.2021,1552844,9435,460130,6028,4,518,4943,985,35057,1515
26.06.2021,1560081,9479,462100,7237,44,1970,4925,979,35075,1521
27.06.2021,1567772,9487,463293,7691,8,1193,4943,980,35057,1520
28.06.2021,1576009,9518,464109,8237,31,816,4977,994,35023,1506
29.06.2021,1582112,9531,466277,6103,13,2168,4913,975,35087,1525
30.06.2021,1588878,9533,467770,6766,2,1493,4858,960,35142,1540
01.07.2021,1597257,9562,469220,8379,29,1450,4934,969,35066,1531
02.07.2021,1603724,9573,470681,6467,11,1461,4950,984,35050,1516
03.07.2021,1610677,9600,471620,6953,27,939,4992,993,35008,1507
04.07.2021,1618669,9610,472558,7992,10,938,5037,998,34963,1502
05.07.2021,1626993,9655,473645,8324,45,1087,5057,995,34943,1505
06.07.2021,1633554,9671,474544,6561,16,899,5062,1003,34938,1497
07.07.2021,1639620,9704,475169,6066,33,625,5059,998,34941,1502
08.07.2021,1648008,9720,476737,8388,16,1568,5134,1013,34866,1487
09.07.2021,1656503,9766,478271,8495,46,1534,5206,1019,34794,1481
10.07.2021,1663404,9780,479230,6901,14,959,5170,1014,34830,1486
11.07.2021,1670704,9811,481092,7300,31,1862,5198,1015,34802,1485
12.07.2021,1678953,9818,482964,8249,7,1872,5291,1027,34709,1473
13.07.2021,1685551,9853,485121,6598,35,2157,5228,1016,34772,1484
14.07.2021,1693565,9864,486000,8014,11,879,5266,1025,34734,1475
15.07.2021,1699792,9905,486743,6227,41,743,5217,1020,34783,1480
16.07.2021,1706855,9936,488613,7063,31,1870,5229,1026,34771,1474
17.07.2021,1713410,9968,489234,6555,32,621,5163,1020,34837,1480
18.07.2021,1719758,9999,490214,6348,31,980,5110,1020,34890,1480
19.07.2021,1728098,10031,491794,8340,32,1580,5161,1032,34839,1468
20.07.2021,1734231,10038,493101,6133,7,1307,5087,1015,34913,1485
21.07.2021,1741484,10070,494432,7253,32,1331,5138,1024,34862,1476
22.07.2021,1748890,10082,495726,7406,12,1294,5177,1035,34823,1465
23.07.2021,1754701,10087,496578,5811,5,852,5060,1011,34940,1489
24.07.2021,1761820,10127,497754,7119,40,1176,5070,1022,34930,1478
25.07.2021,1769178,10160,498631,7358,33,877,5131,1027,34869,1473
26.07.2021,1775851,10185,499968,6673,25,1337,5093,1021,34907,1479
27.07.2021,1783653,10196,500741,7802,11,773,5109,1016,34891,1484
28.07.2021,1792148,10222,502526,8495,26,1785,5138,1026,34862,1474
29.07.2021,1798131,10265,503883,5983,43,1357,5033,998,34967,1502
30.07.2021,1804688,10297,504528,6557,32,645,5021,994,34979,1506
31.07.2021,1810923,10324,505437,6235,27,909,5026,1003,34974,1497
01.08.2021,1817348,10347,507002,6425,23,1565,4991,1003,35009,1497
02.08.2021,1824434,10388,507954,7086,41,952,5021,1013,34979,1487
03.08.2021,1831896,10414,508852,7462,26,898,5019,1009,34981,1491
04.08.2021,1838912,10454,509358,7016,40,506,5005,1016,34995,1484
05.08.2021,1845965,10482,510100,7053,28,742,5057,1025,34943,1475
06.08.2021,1852265,10502,511133,6300,20,1033,4969,1016,35031,1484
07.08.2021,1858947,10528,513271,6682,26,2138,4911,1008,35089,1492
08.08.2021,1864924,10546,514570,5977,18,1299,4907,996,35093,1504
09.08.2021,1873319,10595,516078,8395,49,1508,4945,994,35055,1506
10.08.2021,1880912,10636,518043,7593,41,1965,4958,992,35042,1508
11.08.2021,1886821,10637,520079,5909,1,2036,4869,981,35131,1519
12.08.2021,1894041,10678,521584,7220,41,1505,4895,986,35105,1514
13.08.2021,1902084,10692,522347,8043,14,763,4937,995,35063,1505
14.08.2021,1909825,10714,523149,7741,22,802,5022,1002,34978,1498
15.08.2021,1915686,10715,524007,5861,1,858,4949,997,35051,1503
16.08.2021,1923452,10728,524960,7766,13,953,5015,1002,34985,1498
17.08.2021,1930784,10740,526701,7332,12,1741,5030,1001,34970,1499
18.08.2021,1936798,10744,528697,6014,4,1996,5001,1002,34999,1498
19.08.2021,1943004,10759,530367,6206,15,1670,4930,977,35070,1523
20.08.2021,1949827,10767,532313,6823,8,1946,4929,974,35071,1526
21.08.2021,1955689,10807,533404,5862,40,1091,4831,949,35169,1551
22.08.2021,1963057,10857,534514,7368,50,1110,4879,970,35121,1530
23.08.2021,1970416,10869,536186,7359,12,1672,4877,966,35123,1534
24.08.2021,1978907,10887,537521,8491,18,1335,4952,985,35048,1515
25.08.2021,1986042,10901,539309,7135,14,1788,4984,1001,35016,1499
26.08.2021,1992196,10936,539822,6154,35,513,4949,986,35051,1514
27.08.2021,2000161,10944,540492,7965,8,670,4992,1000,35008,1500
28.08.2021,2007186,10960,542637,7025,16,2145,4982,1002,35018,1498
29.08.2021,2015405,10976,543303,8219,16,666,5082,1025,34918,1475
30.08.2021,2022549,10983,544306,7144,7,1003,5115,1026,34885,1474
31.08.2021,2029244,11003,545910,6695,20,1604,5083,1022,34917,1478
01.09.2021,2035390,11049,547171,6146,46,1261,5048,1008,34952,1492
02.09.2021,2042583,11053,547951,7193,4,780,5095,1024,34905,1476
03.09.2021,2050530,11100,548920,7947,47,969,5159,1033,34841,1467
04.09.2021,2057206,11150,550405,6676,50,1485,5137,1035,34863,1465
05.09.2021,2065566,11175,552225,8360,25,1820,5152,1029,34848,1471
06.09.2021,2073796,11184,553375,8230,9,1150,5216,1031,34784,1469
07.09.2021,2081092,11229,554601,7296,45,1226,5200,1035,34800,1465
08.09.2021,2089212,11277,555598,8120,48,997,5209,1043,34791,1457
09.09.2021,2097088,11313,556846,7876,36,1248,5242,1046,34758,1454
10.09.2021,2104571,11314,557799,7483,1,953,5278,1049,34722,1451
11.09.2021,2111029,11347,559455,6458,33,1656,5207,1025,34793,1475
12.09.2021,2117104,11397,561180,6075,50,1725,5185,1020,34815,1480
13.09.2021,2124542,11429,562041,7438,32,861,5205,1016,34795,1484
14.09.2021,2131884,11456,563944,7342,27,1903,5223,1014,34777,1486
15.09.2021,2139909,11494,566022,8025,38,2078,5262,1034,34738,1466
16.09.2021,2148082,11513,567832,8173,19,1810,5351,1047,34649,1453
17.09.2021,2155289,11519,569411,7207,6,1579,5315,1046,34685,1454
18.09.2021,2162981,11527,570749,7692,8,1338,5355,1052,34645,1448
19.09.2021,2171002,11567,572435,8021,40,1686,5378,1058,34622,1442
20.09.2021,2177745,11581,573979,6743,14,1544,5296,1041,34704,1459
21.09.2021,2186005,11586,575787,8260,5,1808,5338,1050,34662,1450
22.09.2021,2192662,11633,577927,6657,47,2140,5280,1045,34720,1455
23.09.2021,2200482,11657,579876,7820,24,1949,5307,1045,34693,1455
24.09.2021,2207340,11690,581890,6858,33,2014,5254,1044,34746,1456
25.09.2021,2215187,11728,582491,7847,38,601,5300,1063,34700,1437
26.09.2021,2221749,11767,584090,6562,39,1599,5271,1054,34729,1446
27.09.2021,2228778,11812,584841,7029,45,751,5224,1044,34776,1456
28.09.2021,2236058,11823,586614,7280,11,1773,5251,1059,34749,1441
29.09.2021,2242155,11855,587715,6097,32,1101,5200,1038,34800,1462
30.09.2021,2248122,11886,589742,5967,31,2027,5173,1042,34827,1458
01.10.2021,2256038,11926,591908,7916,40,2166,5213,1054,34787,1446
02.10.2021,2262068,11946,592557,6030,20,649,5132,1029,34868,1471
03.10.2021,2268685,11971,593842,6617,25,1285,5078,1026,34922,1474
04.10.2021,2275091,11973,594406,6406,2,564,5008,1013,34992,1487
05.10.2021,2283087,12023,595504,7996,50,1098,5102,1033,34898,1467
06.10.2021,2290287,12056,597623,7200,33,2119,5139,1029,34861,1471
07.10.2021,2297856,12071,598964,7569,15,1341,5197,1050,34803,1450
08.10.2021,2304832,12112,599587,6976,41,623,5200,1053,34800,1447
09.10.2021,2312687,12160,601266,7855,48,1679,5265,1072,34735,1428
10.10.2021,2320384,12186,602693,7697,26,1427,5311,1075,34689,1425
11.10.2021,2328151,12229,604646,7767,43,1953,5292,1065,34708,1435
12.10.2021,2333861,12269,606595,5710,40,1949,5183,1051,34817,1449
13.10.2021,2340248,12318,607140,6387,49,545,5094,1028,34906,1472
14.10.2021,2347109,12365,609297,6861,47,2157,5061,1029,34939,1471
15.10.2021,2354544,12397,610632,7435,32,1335,5082,1024,34918,1476
16.10.2021,2362566,12415,611248,8022,18,616,5111,1039,34889,1461
17.10.2021,2370151,12416,612550,7585,1,1302,5098,1039,34902,1461
18.10.2021,2377724,12418,614611,7573,2,2061,5091,1032,34909,1468
19.10.2021,2384288,12447,615306,6564,29,695,5072,1028,34928,1472
20.10.2021,2392595,12448,617220,8307,1,1914,5181,1056,34819,1444
21.10.2021,2401100,12451,617793,8505,3,573,5247,1060,34753,1440
22.10.2021,2407599,12473,618720,6499,22,927,5160,1045,34840,1455
23.10.2021,2414874,12487,619816,7275,14,1096,5189,1056,34811,1444
24.10.2021,2422897,12520,621858,8023,33,2042,5199,1061,34801,1439
25.10.2021,2431002,12534,623580,8105,14,1722,5255,1077,34745,1423
26.10.2021,2439130,12574,624026,8128,40,446,5325,1088,34675,1412
27.10.2021,2444847,12607,624690,5717,33,664,5237,1076,34763,1424
28.10.2021,2451409,12626,625870,6562,19,1180,5216,1065,34784,1435
29.10.2021,2457934,12666,627653,6525,40,1783,5180,1056,34820,1444
30.10.2021,2463767,12689,629643,5833,23,1990,5100,1039,34900,1461
31.10.2021,2471267,12712,630698,7500,23,1055,5077,1029,34923,1471
01.11.2021,2479703,12728,632098,8436,16,1400,5188,1048,34812,1452
02.11.2021,2487939,12737,632913,8236,9,815,5240,1052,34760,1448
03.11.2021,2495893,12752,634113,7954,15,1200,5260,1066,34740,1434
04.11.2021,2502519,12775,634673,6626,23,560,5200,1047,34800,1453
05.11.2021,2508616,12816,635852,6097,41,1179,5174,1031,34826,1469
06.11.2021,2515029,12825,636636,6413,9,784,5082,1011,34918,1489
07.11.2021,2523034,12875,638556,8005,50,1920,5116,1009,34884,1491
08.11.2021,2529433,12876,639677,6399,1,1121,5085,996,34915,1504
09.11.2021,2537346,12911,640948,7913,35,1271,5139,1002,34861,1498
10.11.2021,2543380,12961,643122,6034,50,2174,5094,989,34906,1511
11.11.2021,2550205,12972,644287,6825,11,1165,5106,988,34894,1512
12.11.2021,2558680,12979,645515,8475,7,1228,5159,1009,34841,1491
13.11.2021,2565815,13024,646478,7135,45,963,5160,1007,34840,1493
14.11.2021,2572579,13066,647745,6764,42,1267,5180,1017,34820,1483
15.11.2021,2578338,13100,649299,5759,34,1554,5104,1005,34896,1495
16.11.2021,2586400,13131,650482,8062,31,1183,5137,1021,34863,1479
17.11.2021,2593848,13163,651533,7448,32,1051,5145,1014,34855,1486
18.11.2021,2600511,13179,652244,6663,16,711,5157,1012,34843,1488
19.11.2021,2608342,13214,653185,7831,35,941,5184,1016,34816,1484
20.11.2021,2615930,13243,654773,7588,29,1588,5233,1036,34767,1464
21.11.2021,2623408,13284,655593,7478,41,820,5276,1041,34724,1459
22.11.2021,2631229,13289,657283,7821,5,1690,5347,1057,34653,1443
23.11.2021,2637461,13298,658447,6232,9,1164,5320,1054,34680,1446
24.11.2021,2644977,13320,659239,7516,22,792,5302,1041,34698,1459
25.11.2021,2651660,13323,660739,6683,3,1500,5235,1035,34765,1465
26.11.2021,2658036,13363,662343,6376,40,1604,5207,1037,34793,1463
27.11.2021,2663823,13407,663097,5787,44,754,5112,1009,34888,1491
28.11.2021,2670301,13440,665158,6478,33,2061,5052,1007,34948,1493
29.11.2021,2677227,13469,666594,6926,29,1436,5081,1017,34919,1483
30.11.2021,2684973,13507,668703,7746,38,2109,5153,1026,34847,1474
01.12.2021,2691317,13519,669895,6344,12,1192,5142,1028,34858,1472
02.12.2021,2698404,13550,670960,7087,31,1065,5160,1027,34840,1473
03.12.2021,2705014,13578,671650,6610,28,690,5167,1033,34833,1467
04.12.2021,2712847,13620,672260,7833,42,610,5214,1043,34786,1457
05.12.2021,2720279,13660,673747,7432,40,1487,5251,1048,34749,1452
06.12.2021,2728669,13689,674402,8390,29,655,5284,1046,34716,1454
07.12.2021,2734382,13712,675932,5713,23,1530,5155,1023,34845,1477
08.12.2021,2740525,13749,676570,6143,37,638,5118,1013,34882,1487
09.12.2021,2748720,13760,677742,8195,11,1172,5164,1030,34836,1470
10.12.2021,2755123,13762,678143,6403,2,401,5155,1030,34845,1470
11.12.2021,2761401,13774,678932,6278,12,789,5092,1009,34908,1491
12.12.2021,2767122,13816,681096,5721,42,2164,5034,996,34966,1504
13.12.2021,2775135,13843,682266,8013,27,1170,5035,1002,34965,1498
14.12.2021,2782627,13844,684326,7492,1,2060,5016,993,34984,1507
15.12.2021,2789935,13877,684928,7308,33,602,5064,999,34936,1501
16.12.2021,2796742,13904,685994,6807,27,1066,5090,1007,34910,1493
17.12.2021,2803303,13942,687505,6561,38,1511,5017,984,34983,1516
18.12.2021,2810043,13977,688158,6740,35,653,4987,983,35013,1517
19.12.2021,2818017,13987,689684,7974,10,1526,5030,987,34970,1513
20.12.2021,2824477,14003,690676,6460,16,992,5051,1000,34949,1500
21.12.2021,2831987,14028,691793,7510,25,1117,5109,1004,34891,1496
22.12.2021,2840187,14065,693554,8200,37,1761,5173,1014,34827,1486
23.12.2021,2847311,14089,694310,7124,24,756,5208,1021,34792,1479
24.12.2021,2854510,14110,696430,7199,21,2120,5241,1026,34759,1474
25.12.2021,2860923,14116,696857,6413,6,427,5192,1024,34808,1476
26.12.2021,2867701,14160,698581,6778,44,1724,5135,1008,34865,1492
27.12.2021,2874791,14209,700077,7090,49,1496,5094,1011,34906,1489
28.12.2021,2882300,14226,700551,7509,17,474,5154,1031,34846,1469
29.12.2021,2889329,14244,702481,7029,18,1930,5165,1038,34835,1462
30.12.2021,2895244,14291,703632,5915,47,1151,5068,1011,34932,1489
31.12.2021,2903404,14314,704449,8160,23,817,5086,1020,34914,1480
01.01.2022,2909624,14341,705375,6220,27,926,5011,1005,34989,1495
02.01.2022,2916720,14344,706174,7096,3,799,5061,1005,34939,1495
03.01.2022,2924299,14355,706979,7579,11,805,5072,998,34928,1502
04.01.2022,2930301,14377,707913,6002,22,934,4981,987,35019,1513
05.01.2022,2938320,14401,709315,8019,24,1402,5004,995,34996,1505
06.01.2022,2945520,14445,709756,7200,44,441,5026,995,34974,1505
07.01.2022,2953539,14474,711526,8019,29,1770,5090,1019,34910,1481
08.01.2022,2959780,14523,712714,6241,49,1188,5085,1014,34915,1486
09.01.2022,2965947,14561,713209,6167,38,495,5067,1003,34933,1497
10.01.2022,2973349,14610,714483,7402,49,1274,5079,1016,34921,1484
11.01.2022,2979910,14613,715250,6561,3,767,5075,1025,34925,1475
12.01.2022,2987521,14615,716497,7611,2,1247,5137,1047,34863,1453
13.01.2022,2995891,14623,716928,8370,8,431,5155,1051,34845,1449
14.01.2022,3002395,14656,717701,6504,33,773,5119,1052,34881,1448
15.01.2022,3009527,14663,718358,7132,7,657,5136,1055,34864,1445
16.01.2022,3016675,14673,719349,7148,10,991,5158,1064,34842,1436
17.01.2022,3023665,14680,720093,6990,7,744,5187,1076,34813,1424
18.01.2022,3029379,14684,720558,5714,4,465,5151,1075,34849,1425
19.01.2022,3035130,14700,721220,5751,16,662,5079,1064,34921,1436
20.01.2022,3043199,14747,722718,8069,47,1498,5137,1076,34863,1424
21.01.2022,3050851,14752,724912,7652,5,2194,5121,1072,34879,1428
22.01.2022,3058730,14764,726299,7879,12,1387,5118,1077,34882,1423
23.01.2022,3066031,14808,728465,7301,44,2166,5155,1089,34845,1411
24.01.2022,3073550,14810,729339,7519,2,874,5175,1081,34825,1419
25.01.2022,3081158,14834,731330,7608,24,1991,5172,1079,34828,1421
26.01.2022,3086965,14863,732230,5807,29,900,5125,1058,34875,1442
27.01.2022,3094550,14897,733874,7585,34,1644,5179,1071,34821,1429
28.01.2022,3102879,14906,735118,8329,9,1244,5186,1076,34814,1424
29.01.2022,3109250,14946,737061,6371,40,1943,5171,1075,34829,1425
30.01.2022,3116170,14983,739193,6920,37,2132,5136,1064,34864,1436
31.01.2022,3122830,14985,740345,6660,2,1152,5138,1056,34862,1444
01.02.2022,3130190,15024,742253,7360,39,1908,5162,1067,34838,1433
02.02.2022,3137443,15055,743385,7253,31,1132,5151,1061,34849,1439
03.02.2022,3144459,15068,745155,7016,13,1770,5132,1048,34868,1452
04.02.2022,3151503,15079,745563,7044,11,408,5172,1054,34828,1446
05.02.2022,3157751,15089,747230,6248,10,1667,5118,1037,34882,1463
06.02.2022,3163741,15105,748529,5990,16,1299,5057,1019,34943,1481
07.02.2022,3169460,15147,749675,5719,42,1146,5003,1012,34997,1488
08.02.2022,3177905,15178,751284,8445,31,1609,5080,1026,34920,1474
09.02.2022,3185285,15203,752776,7380,25,1492,5064,1027,34936,1473
10.02.2022,3192001,15251,754940,6716,48,2164,5016,1026,34984,1474
11.02.2022,3198871,15267,756966,6870,16,2026,5006,1026,34994,1474
12.02.2022,3206737,15278,758178,7866,11,1212,5032,1025,34968,1475
13.02.2022,3213107,15279,758615,6370,1,437,5002,1013,34998,1487
14.02.2022,3220553,15328,759122,7446,49,507,5002,1006,34998,1494
15.02.2022,3229012,15377,760177,8459,49,1055,5058,1015,34942,1485
16.02.2022,3235206,15392,760594,6194,15,417,5047,1020,34953,1480
17.02.2022,3243264,15403,762581,8058,11,1987,5095,1027,34905,1473
18.02.2022,3250541,15413,764126,7277,10,1545,5116,1023,34884,1477
19.02.2022,3257794,15416,766072,7253,3,1946,5103,1031,34897,1469
20.02.2022,3264229,15459,766599,6435,43,527,5087,1024,34913,1476
21.02.2022,3271214,15483,768638,6985,24,2039,5094,1021,34906,1479
22.02.2022,3277849,15487,770247,6635,4,1609,5045,1020,34955,1480
23.02.2022,3286280,15503,771230,8431,16,983,5125,1045,34875,1455
24.02.2022,3294268,15539,772728,7988,36,1498,5170,1049,34830,1451
25.02.2022,3301102,15559,774583,6834,20,1855,5119,1045,34881,1455
26.02.2022,3308265,15587,775294,7163,28,711,5116,1040,34884,1460
27.02.2022,3314663,15605,776673,6398,18,1379,5040,1032,34960,1468
28.02.2022,3322764,15650,778019,8101,45,1346,5060,1028,34940,1472
01.03.2022,3331267,15660,779646,8503,10,1627,5122,1050,34878,1450
02.03.2022,3339175,15664,781497,7908,4,1851,5123,1042,34877,1458
03.03.2022,3346369,15698,783532,7194,34,2035,5086,1035,34914,1465
04.03.2022,3354852,15715,785151,8483,17,1619,5122,1051,34878,1449
05.03.2022,3361201,15736,786595,6349,21,1444,5106,1038,34894,1462
06.03.2022,3367808,15752,788241,6607,16,1646,5080,1042,34920,1458
07.03.2022,3373572,15763,790415,5764,11,2174,4973,1027,35027,1473
08.03.2022,3379860,15810,791544,6288,47,1129,4952,1023,35048,1477
09.03.2022,3387347,15860,793072,7487,50,1528,5029,1026,34971,1474
10.03.2022,3395174,15872,793644,7827,12,572,5078,1031,34922,1469
11.03.2022,3401701,15898,795562,6527,26,1918,5093,1036,34907,1464
12.03.2022,3409950,15941,796816,8249,43,1254,5136,1042,34864,1458
13.03.2022,3416150,15991,797691,6200,50,875,5113,1034,34887,1466
14.03.2022,3424303,16032,799673,8153,41,1982,5135,1042,34865,1458
15.03.2022,3430911,16074,801633,6608,42,1960,5095,1031,34905,1469
16.03.2022,3437001,16100,803635,6090,26,2002,4999,1012,35001,1488
17.03.2022,3443257,16107,804887,6256,7,1252,4988,999,35012,1501
18.03.2022,3448999,16120,806620,5742,13,1733,4928,981,35072,1519
19.03.2022,3457428,16170,807789,8429,50,1169,5041,1006,34959,1494
20.03.2022,3464438,16191,809101,7010,21,1312,5036,1000,34964,1500
21.03.2022,3471232,16231,810348,6794,40,1247,5005,991,34995,1509
22.03.2022,3478930,16267,811599,7698,36,1251,5026,986,34974,1514
23.03.2022,3487192,16304,813764,8262,37,2165,5045,981,34955,1519
24.03.2022,3495249,16349,814348,8057,45,584,5075,996,34925,1504
25.03.2022,3502174,16352,816077,6925,3,1729,5084,1007,34916,1493
26.03.2022,3508291,16395,817094,6117,43,1017,5000,991,35000,1509
27.03.2022,3516604,16424,818187,8313,29,1093,5018,993,34982,1507
28.03.2022,3524662,16436,819043,8058,12,856,5040,999,34960,1501
29.03.2022,3532755,16479,821032,8093,43,1989,5121,1009,34879,1491
30.03.2022,3540010,16480,821718,7255,1,686,5125,1005,34875,1495
31.03.2022,3547543,16516,822345,7533,36,627,5157,1015,34843,1485
01.04.2022,3553919,16555,824529,6376,39,2184,5068,996,34932,1504
02.04.2022,3559820,16592,826685,5901,37,2156,4967,973,35033,1527
03.04.2022,3566041,16634,828510,6221,42,1825,4967,978,35033,1522
04.04.2022,3572662,16641,830468,6621,7,1958,4954,966,35046,1534
05.04.2022,3580385,16677,832390,7723,36,1922,4974,968,35026,1532
06.04.2022,3587388,16726,834243,7003,49,1853,4936,956,35064,1544
07.04.2022,3595458,16742,834729,8070,16,486,4989,973,35011,1527
08.04.2022,3602768,16750,835460,7310,8,731,5027,989,34973,1511
09.04.2022,3611060,16752,836344,8292,2,884,5127,1017,34873,1483
10.04.2022,3619121,16761,836926,8061,9,582,5156,1033,34844,1467
11.04.2022,3626171,16768,838131,7050,7,1205,5120,1024,34880,1476
12.04.2022,3633273,16779,840265,7102,11,2134,5126,1033,34874,1467
13.04.2022,3640371,16799,841595,7098,20,1330,5129,1033,34871,1467
14.04.2022,3647708,16811,842222,7337,12,627,5156,1031,34844,1469
15.04.2022,3656152,16861,842975,8444,50,753,5260,1044,34740,1456
16.04.2022,3663426,16877,844452,7274,16,1477,5287,1042,34713,1458
17.04.2022,3670063,16910,844939,6637,33,487,5228,1025,34772,1475
18.04.2022,3675858,16958,846946,5795,48,2007,5111,994,34889,1506
19.04.2022,3683530,16982,848766,7672,24,1820,5094,983,34906,1517
20.04.2022,3691471,17015,850063,7941,33,1297,5112,988,34888,1512
21.04.2022,3699646,17035,850755,8175,20,692,5213,1006,34787,1494
22.04.2022,3707339,17038,852213,7693,3,1458,5271,1014,34729,1486
23.04.2022,3714000,17078,852794,6661,40,581,5246,1013,34754,1487
24.04.2022,3720751,17080,853297,6751,2,503,5250,1009,34750,1491
25.04.2022,3727289,17105,855409,6538,25,2112,5205,1012,34795,1488
26.04.2022,3734379,17141,856750,7090,36,1341,5168,1003,34832,1497
27.04.2022,3742702,17143,858290,8323,2,1540,5192,1007,34808,1493
28.04.2022,3748773,17148,859736,6071,5,1446,5175,998,34825,1502
29.04.2022,3755634,17193,860158,6861,45,422,5133,986,34867,1514
30.04.2022,3761951,17225,860595,6317,32,437,5054,977,34946,1523
01.05.2022,3768189,17246,862499,6238,21,1904,4992,970,35008,1530
02.05.2022,3775593,17296,864038,7404,50,1539,4979,961,35021,1539
03.05.2022,3782421,17333,864901,6828,37,863,4974,952,35026,1548
04.05.2022,3790038,17359,866016,7617,26,1115,4980,949,35020,1551
05.05.2022,3795813,17394,866540,5775,35,524,4922,934,35078,1566
06.05.2022,3801923,17428,867210,6110,34,670,4844,916,35156,1584
07.05.2022,3807654,17467,869269,5731,39,2059,4813,920,35187,1580
08.05.2022,3815016,17501,870087,7362,34,818,4806,927,35194,1573
09.05.2022,3821500,17539,871578,6484,38,1491,4756,917,35244,1583
10.05.2022,3828990,17579,872222,7490,40,644,4775,923,35225,1577
11.05.2022,3836007,17614,873230,7017,35,1008,4817,941,35183,1559
12.05.2022,3844347,17650,874292,8340,36,1062,4924,971,35076,1529
13.05.2022,3852773,17681,875771,8426,31,1479,4997,995,35003,1505
14.05.2022,3859860,17682,876632,7087,1,861,4972,994,35028,1506
15.05.2022,3866625,17688,878468,6765,6,1836,4952,997,35048,1503
16.05.2022,3873012,17717,879770,6387,29,1302,4944,993,35056,1507
17.05.2022,3879181,17720,880979,6169,3,1209,4907,978,35093,1522
18.05.2022,3886793,17721,881757,7612,1,778,4946,994,35054,1506
19.05.2022,3893007,17758,882800,6214,37,1043,4911,988,35089,1512
20.05.2022,3898914,17760,883685,5907,2,885,4867,979,35133,1521
21.05.2022,3905527,17804,884511,6613,44,826,4867,987,35133,1513
22.05.2022,3911523,17812,885478,5996,8,967,4828,973,35172,1527
23.05.2022,3919026,17853,887314,7503,41,1836,4862,977,35138,1523
24.05.2022,3926742,17884,888276,7716,31,962,4889,988,35111,1512
25.05.2022,3933713,17897,890380,6971,13,2104,4937,990,35063,1510
26.05.2022,3939907,17936,891695,6194,39,1315,4942,988,35058,1512
27.05.2022,3946817,17953,893246,6910,17,1551,4938,992,35062,1508
28.05.2022,3954108,17961,893877,7291,8,631,4973,1002,35027,1498
29.05.2022,3959823,17996,895519,5715,35,1642,4948,999,35052,1501
30.05.2022,3968197,18003,896364,8374,7,845,5004,1010,34996,1490
31.05.2022,3975027,18010,898003,6830,7,1639,5027,1017,34973,1483
01.06.2022,3982622,18022,898793,7595,12,790,5018,1012,34982,1488
02.06.2022,3988804,18055,899341,6182,33,548,4975,1006,35025,1494
03.06.2022,3995917,18061,901148,7113,6,1807,5024,1016,34976,1484
04.06.2022,4002910,18076,901794,6993,15,646,4981,1000,35019,1500
05.06.2022,4011313,18100,903406,8403,24,1612,5032,1006,34968,1494
06.06.2022,4019769,18103,904361,8456,3,955,5073,1016,34927,1484
07.06.2022,4026211,18109,905852,6442,6,1491,5021,1000,34979,1500
08.06.2022,4033609,18139,906563,7398,30,711,5047,1003,34953,1497
09.06.2022,4041101,18169,908158,7492,30,1595,5096,1011,34904,1489
10.06.2022,4049628,18188,909935,8527,19,1777,5150,1027,34850,1473
11.06.2022,4057550,18202,910826,7922,14,891,5203,1044,34797,1456
12.06.2022,4064857,18232,911617,7307,30,791,5217,1036,34783,1464
13.06.2022,4072037,18267,913477,7180,35,1860,5190,1030,34810,1470
14.06.2022,4078831,18276,914706,6794,9,1229,5181,1018,34819,1482
15.06.2022,4087102,18289,915188,8271,13,482,5267,1046,34733,1454
16.06.2022,4093775,18336,915619,6673,47,431,5234,1031,34766,1469
17.06.2022,4101892,18386,917438,8117,50,1819,5269,1045,34731,1455
18.06.2022,4109243,18425,919603,7351,39,2165,5221,1028,34779,1472
19.06.2022,4117024,18467,920037,7781,42,434,5198,1029,34802,1471
20.06.2022,4125337,18510,921518,8313,43,1481,5299,1039,34701,1461
21.06.2022,4132628,18554,922679,7291,44,1161,5275,1034,34725,1466
22.06.2022,4138530,18579,923701,5902,25,1022,5190,1022,34810,1478
23.06.2022,4144938,18593,924220,6408,14,519,5172,1025,34828,1475
24.06.2022,4152681,18633,925434,7743,40,1214,5247,1036,34753,1464
25.06.2022,4161095,18656,927034,8414,23,1600,5310,1046,34690,1454
26.06.2022,4168231,18660,928303,7136,4,1269,5336,1043,34664,1457
27.06.2022,4175584,18673,930325,7353,13,2022,5341,1042,34659,1458
28.06.2022,4182726,18719,930769,7142,46,444,5342,1046,34658,1454
29.06.2022,4189557,18739,932131,6831,20,1362,5291,1031,34709,1469
30.06.2022,4197510,18774,933374,7953,35,1243,5339,1052,34661,1448
01.07.2022,4204389,18814,934521,6879,40,1147,5286,1050,34714,1450
02.07.2022,4212047,18833,936238,7658,19,1717,5320,1057,34680,1443
03.07.2022,4219406,18840,938011,7359,7,1773,5302,1053,34698,1447
04.07.2022,4227134,18888,939360,7728,48,1349,5286,1057,34714,1443
05.07.2022,4234341,18917,940640,7207,29,1280,5239,1055,34761,1445
06.07.2022,4240144,18934,941665,5803,17,1025,5118,1032,34882,1468
07.07.2022,4247868,18954,943350,7724,20,1685,5122,1042,34878,1458
08.07.2022,4253840,18966,945503,5972,12,2153,5087,1034,34913,1466
09.07.2022,4260543,19003,946412,6703,37,909,5100,1029,34900,1471
10.07.2022,4268125,19006,947164,7582,3,752,5102,1033,34898,1467
11.07.2022,4274163,19053,949273,6038,47,2109,5055,1024,34945,1476
12.07.2022,4281335,19083,949730,7172,30,457,5022,1021,34978,1479
13.07.2022,4288227,19090,951832,6892,7,2102,4989,1009,35011,1491
14.07.2022,4294886,19112,953114,6659,22,1282,5002,1016,34998,1484
15.07.2022,4303015,19129,953704,8129,17,590,5096,1034,34904,1466
16.07.2022,4310983,19167,955231,7968,38,1527,5181,1059,34819,1441
17.07.2022,4318972,19204,955651,7989,37,420,5173,1059,34827,1441
18.07.2022,4325647,19228,957228,6675,24,1577,5157,1045,34843,1455
19.07.2022,4333443,19273,957738,7796,45,510,5225,1063,34775,1437
20.07.2022,4341383,19291,958882,7940,18,1144,5298,1078,34702,1422
21.07.2022,4347068,19331,961000,5685,40,2118,5225,1052,34775,1448
22.07.2022,4352726,19376,961871,5658,45,871,5169,1043,34831,1457
23.07.2022,4360634,19400,962446,7908,24,575,5156,1035,34844,1465
24.07.2022,4366945,19438,962991,6311,38,545,5135,1033,34865,1467
25.07.2022,4372841,19485,963688,5896,47,697,5026,1002,34974,1498
26.07.2022,4380386,19505,964815,7545,20,1127,5077,1002,34923,1498
27.07.2022,4387476,19525,966527,7090,20,1712,5104,998,34896,1502
28.07.2022,4394337,19535,967988,6861,10,1461,5059,984,34941,1516
29.07.2022,4402687,19583,968403,8350,48,415,5118,992,34882,1508
30.07.2022,4410797,19632,969101,8110,49,698,5194,1001,34806,1499
31.07.2022,4418635,19677,970320,7838,45,1219,5240,1013,34760,1487
01.08.2022,4425664,19691,971536,7029,14,1216,5229,1015,34771,1485
02.08.2022,4434060,19738,972706,8396,47,1170,5242,1013,34758,1487
03.08.2022,4439882,19755,974074,5822,17,1368,5156,998,34844,1502
04.08.2022,4448092,19780,975218,8210,25,1144,5254,1027,34746,1473
05.08.2022,4456024,19819,976493,7932,39,1275,5273,1041,34727,1459
06.08.2022,4462680,19827,978146,6656,8,1653,5248,1042,34752,1458
07.08.2022,4470100,19848,980118,7420,21,1972,5301,1056,34699,1444
08.08.2022,4477440,19852,980966,7340,4,848,5326,1053,34674,1447
09.08.2022,4485253,19866,983159,7813,14,2193,5360,1058,34640,1442
10.08.2022,4492601,19869,984304,7348,3,1145,5313,1054,34687,1446
11.08.2022,4499641,19894,985439,7040,25,1135,5315,1053,34685,1447
12.08.2022,4505920,19941,986619,6279,47,1180,5244,1048,34756,1452
13.08.2022,4513093,19955,987235,7173,14,616,5206,1036,34794,1464
14.08.2022,4519054,19970,988114,5961,15,879,5110,1026,34890,1474
15.08.2022,4526102,19986,990118,7048,16,2004,5086,1027,34914,1473
16.08.2022,4534092,20034,990930,7990,48,812,5125,1026,34875,1474
17.08.2022,4542429,20049,991962,8337,15,1032,5201,1043,34799,1457
18.08.2022,4549666,20051,993884,7237,2,1922,5173,1036,34827,1464
19.08.2022,4557553,20084,995931,7887,33,2047,5175,1040,34825,1460
20.08.2022,4563244,20105,997461,5691,21,1530,5061,1023,34939,1477
21.08.2022,4569949,20125,998003,6705,20,542,4994,1016,35006,1484
22.08.2022,4577452,20147,999078,7503,22,1075,5007,1027,34993,1473
23.08.2022,4583676,20163,1000149,6224,16,1071,4943,1012,35057,1488
24.08.2022,4590568,20209,1001085,6892,46,936,4901,994,35099,1506
25.08.2022,4598148,20253,1002631,7580,44,1546,4946,1002,35054,1498
26.08.2022,4604440,20265,1003808,6292,12,1177,4908,998,35092,1502
27.08.2022,4610088,20275,1005497,5648,10,1689,4857,977,35143,1523
28.08.2022,4616489,20309,1006807,6401,34,1310,4818,973,35182,1527
29.08.2022,4624769,20342,1007732,8280,33,925,4932,1005,35068,1495
30.08.2022,4632833,20344,1008937,8064,2,1205,4952,1001,35048,1499
31.08.2022,4638581,20375,1010643,5748,31,1706,4913,987,35087,1513
01.09.2022,4644589,20392,1011853,6008,17,1210,4912,994,35088,1506
02.09.2022,4650262,20395,1013221,5673,3,1368,4833,983,35167,1517
03.09.2022,4656530,20424,1013947,6268,29,726,4812,980,35188,1520
04.09.2022,4663129,20430,1015447,6599,6,1500,4853,980,35147,1520
05.09.2022,4670493,20480,1016154,7364,50,707,4864,974,35136,1526
06.09.2022,4677531,20506,1016625,7038,26,471,4882,981,35118,1519
07.09.2022,4683836,20551,1017172,6305,45,547,4817,978,35183,1522
08.09.2022,4692351,20562,1017583,8515,11,411,4949,994,35051,1506
09.09.2022,4698770,20568,1018297,6419,6,714,4955,997,35045,1503
10.09.2022,4705357,20608,1019643,6587,40,1346,4953,991,35047,1509
11.09.2022,4713151,20623,1020495,7794,15,852,4971,1000,35029,1500
12.09.2022,4719440,20640,1021951,6289,17,1456,4959,996,35041,1504
13.09.2022,4726136,20690,1022623,6696,50,672,4965,991,35035,1509
14.09.2022,4731942,20736,1024355,5806,46,1732,4924,985,35076,1515
15.09.2022,4739686,20782,1025620,7744,46,1265,4945,988,35055,1512
16.09.2022,4746946,20803,1026826,7260,21,1206,4953,993,35047,1507
17.09.2022,4754587,20849,1028678,7641,46,1852,5033,1017,34967,1483
18.09.2022,4762187,20858,1030822,7600,9,2144,5036,1027,34964,1473
19.09.2022,4770536,20880,1031621,8349,22,799,5118,1039,34882,1461
20.09.2022,4778796,20910,1032446,8260,30,825,5183,1056,34817,1444
21.09.2022,4784938,20949,1034496,6142,39,2050,5142,1043,34858,1457
22.09.2022,4790670,20978,1036402,5732,29,1906,5091,1021,34909,1479
23.09.2022,4796973,20984,1037292,6303,6,890,5004,994,34996,1506
24.09.2022,4805481,21009,1039276,8508,25,1984,5080,1014,34920,1486
25.09.2022,4812254,21052,1040711,6773,43,1435,5090,1011,34910,1489
26.09.2022,4818118,21076,1042163,5864,24,1452,5068,998,34932,1502
27.09.2022,4825622,21122,1044357,7504,46,2194,5039,994,34961,1506
28.09.2022,4833520,21129,1046348,7898,7,1991,5081,994,34919,1506
29.09.2022,4840119,21173,1047064,6599,44,716,5055,983,34945,1517
30.09.2022,4846624,21182,1047948,6505,9,884,5075,997,34925,1503
01.10.2022,4852717,21223,1048554,6093,41,606,4983,977,35017,1523
02.10.2022,4858712,21236,1049686,5995,13,1132,4958,972,35042,1528
03.10.2022,4864612,21269,1051112,5900,33,1426,4924,962,35076,1538
04.10.2022,4873085,21310,1052490,8473,41,1378,5006,986,34994,1514
05.10.2022,4879540,21358,1054159,6455,48,1669,4995,985,35005,1515
06.10.2022,4885951,21389,1055583,6411,31,1424,4939,970,35061,1530
07.10.2022,4892671,21421,1057670,6720,32,2087,4931,975,35069,1525
08.10.2022,4900063,21471,1059006,7392,50,1336,4931,978,35069,1522
09.10.2022,4907018,21493,1059424,6955,22,418,4893,963,35107,1537
10.10.2022,4914920,21500,1059966,7902,7,542,4947,983,35053,1517
11.10.2022,4921646,21531,1061766,6726,31,1800,4933,978,35067,1522
12.10.2022,4929016,21578,1062227,7370,47,461,4963,992,35037,1508
13.10.2022,4936312,21594,1063228,7296,16,1001,4930,982,35070,1518
14.10.2022,4944084,21629,1063905,7772,35,677,4945,992,35055,1508
15.10.2022,4951992,21650,1065958,7908,21,2053,4953,986,35047,1514
16.10.2022,4958780,21692,1067216,6788,42,1258,4935,983,35065,1517
17.10.2022,4967106,21702,1068768,8326,10,1552,5043,995,34957,1505
18.10.2022,4975441,21741,1070241,8335,39,1473,5150,1017,34850,1483
19.10.2022,4983484,21760,1070722,8043,19,481,5230,1034,34770,1466
20.10.2022,4990570,21768,1071676,7086,8,954,5237,1040,34763,1460
21.10.2022,4998223,21815,1073389,7653,47,1713,5226,1047,34774,1453
22.10.2022,5005522,21831,1073814,7299,16,425,5266,1059,34734,1441
23.10.2022,5012938,21852,1074452,7416,21,638,5218,1058,34782,1442
24.10.2022,5019039,21896,1075565,6101,44,1113,5147,1035,34853,1465
25.10.2022,5024840,21905,1077259,5801,9,1694,5067,1022,34933,1478
26.10.2022,5032068,21925,1078320,7228,20,1061,5058,1019,34942,1481
27.10.2022,5039952,21948,1080252,7884,23,1932,5112,1025,34888,1475
28.10.2022,5047666,21975,1082163,7714,27,1911,5101,1021,34899,1479
29.10.2022,5054308,22015,1083324,6642,40,1161,5042,1005,34958,1495
30.10.2022,5060145,22043,1084230,5837,28,906,4982,995,35018,1505
31.10.2022,5067998,22069,1085918,7853,26,1688,5040,1005,34960,1495
01.11.2022,5075925,22113,1086374,7927,44,456,5078,1010,34922,1490
02.11.2022,5082817,22133,1087712,6892,20,1338,5044,1013,34956,1487
03.11.2022,5089956,22139,1088651,7139,6,939,5055,1009,34945,1491
04.11.2022,5096166,22185,1089947,6210,46,1296,5031,1012,34969,1488
05.11.2022,5102179,22203,1091389,6013,18,1442,4981,1012,35019,1488
06.11.2022,5109909,22226,1092990,7730,23,1601,5060,1037,34940,1463
07.11.2022,5118373,22263,1093871,8464,37,881,5107,1046,34893,1454
08.11.2022,5126049,22276,1095043,7676,13,1172,5111,1054,34889,1446
09.11.2022,5134121,22312,1096040,8072,36,997,5125,1053,34875,1447
10.11.2022,5140012,22338,1096708,5891,26,668,5022,1023,34978,1477
11.11.2022,5145775,22370,1098099,5763,32,1391,4935,1000,35065,1500
12.11.2022,5152272,22416,1100251,6497,46,2152,4952,992,35048,1508
13.11.2022,5158608,22455,1100735,6336,39,484,4966,986,35034,1514
14.11.2022,5166843,22489,1102443,8235,34,1708,5073,1015,34927,1485
15.11.2022,5175015,22504,1103956,8172,15,1513,5173,1040,34827,1460
16.11.2022,5181596,22512,1104460,6581,8,504,5113,1037,34887,1463
17.11.2022,5190021,22532,1105211,8425,20,751,5218,1054,34782,1446
18.11.2022,5198381,22563,1105782,8360,31,571,5295,1071,34705,1429
19.11.2022,5204382,22573,1107361,6001,10,1579,5219,1052,34781,1448
20.11.2022,5212702,22616,1108635,8320,43,1274,5220,1044,34780,1456
21.11.2022,5220474,22641,1109456,7772,25,821,5281,1060,34719,1440
22.11.2022,5227356,22684,1110219,6882,43,763,5269,1054,34731,1446
23.11.2022,5234851,22715,1111418,7495,31,1199,5236,1049,34764,1451
24.11.2022,5241372,22723,1112034,6521,8,616,5205,1041,34795,1459
25.11.2022,5248659,22739,1114059,7287,16,2025,5244,1051,34756,1449
26.11.2022,5255131,22760,1115875,6472,21,1816,5210,1051,34790,1449
27.11.2022,5261788,22795,1116491,6657,35,616,5155,1049,34845,1451
28.11.2022,5267651,22796,1118400,5863,1,1909,5092,1032,34908,1468
29.11.2022,5275925,22831,1119609,8274,35,1209,5192,1046,34808,1454
30.11.2022,5281841,22858,1121338,5916,27,1729,5147,1039,34853,1461
01.12.2022,5288359,22889,1122136,6518,31,798,5150,1039,34850,1461
02.12.2022,5296824,22926,1122754,8465,37,618,5224,1050,34776,1450
03.12.2022,5303467,22931,1124110,6643,5,1356,5185,1035,34815,1465
04.12.2022,5309381,22949,1124707,5914,18,597,5077,1017,34923,1483
05.12.2022,5316791,22974,1125916,7410,25,1209,5113,1015,34887,1485
06.12.2022,5323863,22988,1127321,7072,14,1405,5069,1009,34931,1491
07.12.2022,5330481,23003,1128013,6618,15,692,5064,1001,34936,1499
08.12.2022,5336736,23010,1128891,6255,7,878,5031,991,34969,1509
09.12.2022,5344616,23033,1129729,7880,23,838,5046,997,34954,1503
10.12.2022,5352786,23046,1130248,8170,13,519,5065,996,34935,1504
11.12.2022,5359447,23049,1130971,6661,3,723,5086,1004,34914,1496
12.12.2022,5367804,23065,1132382,8357,16,1411,5100,1001,34900,1499
13.12.2022,5375863,23103,1134325,8059,38,1943,5095,992,34905,1508
14.12.2022,5382784,23134,1136165,6921,31,1840,5104,990,34896,1510
15.12.2022,5390914,23177,1138183,8130,43,2018,5179,1009,34821,1491
16.12.2022,5396530,23191,1138995,5616,14,812,5087,1002,34913,1498
17.12.2022,5403671,23239,1140953,7141,48,1958,5137,1023,34863,1477
18.12.2022,5411915,23243,1142452,8244,4,1499,5159,1024,34841,1476
19.12.2022,5419549,23248,1143416,7634,5,964,5199,1035,34801,1465
20.12.2022,5426141,23249,1144928,6592,1,1512,5186,1034,34814,1466
21.12.2022,5433143,23273,1146779,7002,24,1851,5179,1036,34821,1464
22.12.2022,5438617,23274,1147432,5474,1,653,5071,1017,34929,1483
23.12.2022,5445938,23297,1147943,7321,23,511,5060,1020,34940,1480
24.12.2022,5451974,23306,1148740,6036,9,797,5049,1011,34951,1489
25.12.2022,5458054,23309,1149655,6080,3,915,5029,1007,34971,1493
26.12.2022,5464481,23311,1150904,6427,2,1249,5026,1016,34974,1484
27.12.2022,5470560,23316,1152922,6079,5,2018,5022,1012,34978,1488
28.12.2022,5478448,23363,1154933,7888,47,2011,5111,1025,34889,1475
29.12.2022,5486068,23399,1156146,7620,36,1213,5091,1022,34909,1478
30.12.2022,5493638,23424,1156948,7570,25,802,5139,1031,34861,1469
31.12.2022,5500750,23464,1157815,7112,40,867,5174,1043,34826,1457
